"Epic","Feature","Story","FAILED","BROKEN","PASSED","SKIPPED","UNKNOWN"
"","Posts API","Get non-existent post","1","0","0","0","0"
"","Posts API","Create post with missing fields","0","0","1","0","0"
"","Todo UI","Screenshot demo","1","0","0","0","0"
"","Todo UI","Add todo","0","0","4","0","0"
"","Posts API","Get post by id","0","0","4","0","0"
"","Todo UI","Complete todo","0","0","1","0","0"
"","Posts API","Get comments for a post","0","0","1","0","0"
"","Posts API","Filter posts by user","0","0","3","0","0"
"","Posts API","Get all posts","0","0","1","0","0"
"","Posts API","Create post","0","0","1","0","0"
